Reference area,year,value
SK:Slovak Republic,1994,48.78
CA:Canada,1994,82.636667
GB:United Kingdom,1994,112.085833
CH:Switzerland,1994,102.388334
SA:Saudi Arabia,1994,114.055
FR:France,1994,108.2475
NZ:New Zealand,1994,87.998333
SE:Sweden,1994,119.688334
BR:Brazil,1994,83.895833
SI:Slovenia,1994,88.438334
SG:Singapore,1994,101.296666
PH:Philippines,1994,100.524166
CZ:Czech Republic,1994,53.784167
TR:Turkey,1994,53.511667
PL:Poland,1994,68.453334
DE:Germany,1994,116.061667
PT:Portugal,1994,93.094167
TW:Chinese Taipei,1994,142.799167
HK:Hong Kong SAR,1994,122.635833
CL:Chile,1994,95.2975
KR:Korea,1994,121.8825
CO:Colombia,1994,81.05
CN:China,1994,69.418333
GR:Greece,1994,87.331667
CY:Cyprus,1994,92.168333
PE:Peru,1994,100.759167
XM:Euro area,1994,106.478333
TH:Thailand,1994,106.735
US:United States,1994,102.739167
IE:Ireland,1994,88.3975
ID:Indonesia,1994,104.499167
EE:Estonia,1994,49.961667
IN:India,1994,94.1325
AE:United Arab Emirates,1994,74.665833
IL:Israel,1994,102.458334
HR:Croatia,1994,88.076667
LV:Latvia,1994,62.340834
LU:Luxembourg,1994,99.626667
LT:Lithuania,1994,43.405833
DK:Denmark,1994,97.009166
HU:Hungary,1994,70.619167
DZ:Algeria,1994,140.803334
NL:Netherlands,1994,100.496667
RO:Romania,1994,62.421667
NO:Norway,1994,92.9325
JP:Japan,1994,134.036667
BG:Bulgaria,1994,45.313334
BE:Belgium,1994,102.5525
FI:Finland,1994,107.776667
RU:Russia,1994,46.9325
IS:Iceland,1994,125.33
MT:Malta,1994,86.896667
ZA:South Africa,1994,116.1775
ES:Spain,1994,91.186667
MY:Malaysia,1994,116.050833
IT:Italy,1994,96.46
MX:Mexico,1994,110.603333
AR:Argentina,1994,245.778333
AU:Australia,1994,75.2825
AT:Austria,1994,107.775
SK:Slovak Republic,1995,50.098333
CA:Canada,1995,80.656667
GB:United Kingdom,1995,107.1675
CH:Switzerland,1995,108.775
SA:Saudi Arabia,1995,110.218333
FR:France,1995,110.525
NZ:New Zealand,1995,93.789167
SE:Sweden,1995,119.605833
BR:Brazil,1995,92.566667
SI:Slovenia,1995,96.955
SG:Singapore,1995,102.839167
PH:Philippines,1995,102.4925
CZ:Czech Republic,1995,56.639166
TR:Turkey,1995,59.001667
PL:Poland,1995,73.313333
DE:Germany,1995,120.2425
PT:Portugal,1995,96.2475
TW:Chinese Taipei,1995,136.614167
HK:Hong Kong SAR,1995,121.899167
CL:Chile,1995,101.436667
KR:Korea,1995,122.640834
CO:Colombia,1995,84.021667
CN:China,1995,77.380834
GR:Greece,1995,89.590833
CY:Cyprus,1995,91.914167
PE:Peru,1995,101.5075
XM:Euro area,1995,109.9025
TH:Thailand,1995,104.961667
US:United States,1995,100.664167
IE:Ireland,1995,89.203333
ID:Indonesia,1995,101.329167
EE:Estonia,1995,61.355
IN:India,1995,91.603333
AE:United Arab Emirates,1995,71.245
IL:Israel,1995,103.389167
HR:Croatia,1995,91.265833
LV:Latvia,1995,68.4625
LU:Luxembourg,1995,101.95
LT:Lithuania,1995,50.6425
DK:Denmark,1995,100.913333
HU:Hungary,1995,67.108333
DZ:Algeria,1995,116.529167
NL:Netherlands,1995,104.175833
RO:Romania,1995,60.2825
NO:Norway,1995,95.535
JP:Japan,1995,135.469167
BG:Bulgaria,1995,52.475833
BE:Belgium,1995,105.724167
FI:Finland,1995,115.480834
RU:Russia,1995,60.358334
IS:Iceland,1995,123.8775
MT:Malta,1995,88.583334
ZA:South Africa,1995,113.009167
ES:Spain,1995,92.403333
MY:Malaysia,1995,116.473334
IT:Italy,1995,89.465
MX:Mexico,1995,74.603334
AR:Argentina,1995,230.411667
AU:Australia,1995,73.52
AT:Austria,1995,110.586667
SK:Slovak Republic,1996,50.411667
CA:Canada,1996,80.883333
GB:United Kingdom,1996,109.039167
CH:Switzerland,1996,105.014167
SA:Saudi Arabia,1996,111.9
FR:France,1996,109.509167
NZ:New Zealand,1996,99.9925
SE:Sweden,1996,128.093333
BR:Brazil,1996,97.563333
SI:Slovenia,1996,92.190833
SG:Singapore,1996,105.568333
PH:Philippines,1996,110.999167
CZ:Czech Republic,1996,60.084167
TR:Turkey,1996,60.12
PL:Poland,1996,78.641667
DE:Germany,1996,115.13
PT:Portugal,1996,96.299166
TW:Chinese Taipei,1996,137.695833
HK:Hong Kong SAR,1996,129.58
CL:Chile,1996,103.626667
KR:Korea,1996,125.154167
CO:Colombia,1996,88.341666
CN:China,1996,85.585
GR:Greece,1996,92.508333
CY:Cyprus,1996,90.269167
PE:Peru,1996,102.845833
XM:Euro area,1996,107.5925
TH:Thailand,1996,111.806667
US:United States,1996,103.185833
IE:Ireland,1996,90.635834
ID:Indonesia,1996,107.786667
EE:Estonia,1996,69.538333
IN:India,1996,86.826666
AE:United Arab Emirates,1996,73.9075
IL:Israel,1996,108.613333
HR:Croatia,1996,90.706667
LV:Latvia,1996,71.446667
LU:Luxembourg,1996,99.359167
LT:Lithuania,1996,59.725
DK:Denmark,1996,99.193333
HU:Hungary,1996,67.601667
DZ:Algeria,1996,120.406667
NL:Netherlands,1996,101.233334
RO:Romania,1996,54.445
NO:Norway,1996,94.410833
JP:Japan,1996,113.544167
BG:Bulgaria,1996,46.06
BE:Belgium,1996,102.810833
FI:Finland,1996,108.535833
RU:Russia,1996,79.765
IS:Iceland,1996,122.880834
MT:Malta,1996,87.093334
ZA:South Africa,1996,103.583334
ES:Spain,1996,93.84
MY:Malaysia,1996,121.990833
IT:Italy,1996,98.713333
MX:Mexico,1996,83.4625
AR:Argentina,1996,225.929167
AU:Australia,1996,80.298334
AT:Austria,1996,107.250833
SK:Slovak Republic,1997,53.295
CA:Canada,1997,80.550833
GB:United Kingdom,1997,124.435833
CH:Switzerland,1997,95.235
SA:Saudi Arabia,1997,115.590833
FR:France,1997,104.338334
NZ:New Zealand,1997,101.504167
SE:Sweden,1997,119.845834
BR:Brazil,1997,99.965833
SI:Slovenia,1997,92.953333
SG:Singapore,1997,107.116667
PH:Philippines,1997,110.035834
CZ:Czech Republic,1997,60.214167
TR:Turkey,1997,63.313333
PL:Poland,1997,80.035
DE:Germany,1997,108.818334
PT:Portugal,1997,95.01
TW:Chinese Taipei,1997,138.1725
HK:Hong Kong SAR,1997,142.44
CL:Chile,1997,110.778333
KR:Korea,1997,115.950834
CO:Colombia,1997,96.874166
CN:China,1997,92.21
GR:Greece,1997,92.785834
CY:Cyprus,1997,89.736667
PE:Peru,1997,104.363334
XM:Euro area,1997,99.5325
TH:Thailand,1997,103.868333
US:United States,1997,108.225833
IE:Ireland,1997,90.446667
ID:Indonesia,1997,101.203334
EE:Estonia,1997,72.549167
IN:India,1997,92.181667
AE:United Arab Emirates,1997,79.668334
IL:Israel,1997,113.954167
HR:Croatia,1997,89.7475
LV:Latvia,1997,78.033333
LU:Luxembourg,1997,96.156667
LT:Lithuania,1997,69.705834
DK:Denmark,1997,95.1575
HU:Hungary,1997,70.189167
DZ:Algeria,1997,129.465
NL:Netherlands,1997,95.8375
RO:Romania,1997,63.501667
NO:Norway,1997,94.404167
JP:Japan,1997,106.531667
BG:Bulgaria,1997,56.1575
BE:Belgium,1997,97.425833
FI:Finland,1997,103.89
RU:Russia,1997,85.3625
IS:Iceland,1997,124.825833
MT:Malta,1997,89.1075
ZA:South Africa,1997,109.253333
ES:Spain,1997,89.446667
MY:Malaysia,1997,118.406667
IT:Italy,1997,98.245
MX:Mexico,1997,96.584167
AR:Argentina,1997,232.595
AU:Australia,1997,79.356667
AT:Austria,1997,103.046667
SK:Slovak Republic,1998,53.886667
CA:Canada,1998,76.5225
GB:United Kingdom,1998,131.225
CH:Switzerland,1998,96.993334
SA:Saudi Arabia,1998,120.328333
FR:France,1998,105.463333
NZ:New Zealand,1998,90.049167
SE:Sweden,1998,116.675
BR:Brazil,1998,98.145833
SI:Slovenia,1998,97.148333
SG:Singapore,1998,104.6225
PH:Philippines,1998,91.8675
CZ:Czech Republic,1998,66.190833
TR:Turkey,1998,69.395
PL:Poland,1998,85.415833
DE:Germany,1998,110.018333
PT:Portugal,1998,95.654167
TW:Chinese Taipei,1998,127.774167
HK:Hong Kong SAR,1998,157.8875
CL:Chile,1998,110.0925
KR:Korea,1998,88.120834
CO:Colombia,1998,93.485
CN:China,1998,97.644167
GR:Greece,1998,91.249167
CY:Cyprus,1998,94.951667
PE:Peru,1998,105.138333
XM:Euro area,1998,102.358333
TH:Thailand,1998,88.458334
US:United States,1998,116.914167
IE:Ireland,1998,88.4875
ID:Indonesia,1998,49.9775
EE:Estonia,1998,79.6475
IN:India,1998,89.4275
AE:United Arab Emirates,1998,87.105
IL:Israel,1998,111.235
HR:Croatia,1998,92.753333
LV:Latvia,1998,82.459167
LU:Luxembourg,1998,96.356667
LT:Lithuania,1998,74.8125
DK:Denmark,1998,97.2575
HU:Hungary,1998,70.5625
DZ:Algeria,1998,135.28
NL:Netherlands,1998,98.376667
RO:Romania,1998,84.053333
NO:Norway,1998,92.075833
JP:Japan,1998,106.3125
BG:Bulgaria,1998,64.8875
BE:Belgium,1998,98.286667
FI:Finland,1998,105.198333
RU:Russia,1998,75.24
IS:Iceland,1998,128.646667
MT:Malta,1998,93.029167
ZA:South Africa,1998,101.130833
ES:Spain,1998,90.4725
MY:Malaysia,1998,94.993333
IT:Italy,1998,99.6575
MX:Mexico,1998,98.018333
AR:Argentina,1998,241.748334
AU:Australia,1998,72.689167
AT:Austria,1998,103.391667
SK:Slovak Republic,1999,52.783333
CA:Canada,1999,75.746667
GB:United Kingdom,1999,130.849167
CH:Switzerland,1999,95.860833
SA:Saudi Arabia,1999,115.750833
FR:France,1999,102.865
NZ:New Zealand,1999,85.525833
SE:Sweden,1999,114.143334
BR:Brazil,1999,65.201667
SI:Slovenia,1999,97.0975
SG:Singapore,1999,97.985
PH:Philippines,1999,97.163334
CZ:Czech Republic,1999,64.661667
TR:Turkey,1999,72.873334
PL:Poland,1999,83.0125
DE:Germany,1999,107.141667
PT:Portugal,1999,95.740834
TW:Chinese Taipei,1999,127.4775
HK:Hong Kong SAR,1999,146.5375
CL:Chile,1999,104.425833
KR:Korea,1999,100.661667
CO:Colombia,1999,84.725
CN:China,1999,92.803334
GR:Greece,1999,91.763333
CY:Cyprus,1999,93.02
PE:Peru,1999,94.600833
XM:Euro area,1999,98.168333
TH:Thailand,1999,91.761667
US:United States,1999,115.685834
IE:Ireland,1999,85.325
ID:Indonesia,1999,71.3275
EE:Estonia,1999,82.991667
IN:India,1999,87.975
AE:United Arab Emirates,1999,86.798334
IL:Israel,1999,106.869167
HR:Croatia,1999,89.283333
LV:Latvia,1999,91.320833
LU:Luxembourg,1999,95.580833
LT:Lithuania,1999,80.735
DK:Denmark,1999,97.273333
HU:Hungary,1999,72.101667
DZ:Algeria,1999,125.1575
NL:Netherlands,1999,97.380833
RO:Romania,1999,72.525
NO:Norway,1999,92.533333
JP:Japan,1999,119.321666
BG:Bulgaria,1999,66.895
BE:Belgium,1999,96.706667
FI:Finland,1999,104.263334
RU:Russia,1999,48.083333
IS:Iceland,1999,132.37
MT:Malta,1999,92.348334
ZA:South Africa,1999,94.97
ES:Spain,1999,90.309167
MY:Malaysia,1999,96.381667
IT:Italy,1999,98.644167
MX:Mexico,1999,107.128333
AR:Argentina,1999,265.3725
AU:Australia,1999,73.099167
AT:Austria,1999,101.965
SK:Slovak Republic,2000,58.215
CA:Canada,2000,76.375833
GB:United Kingdom,2000,130.923333
CH:Switzerland,2000,92.575
SA:Saudi Arabia,2000,117.171667
FR:France,2000,97.344167
NZ:New Zealand,2000,77.043333
SE:Sweden,2000,111.074166
BR:Brazil,2000,70.4075
SI:Slovenia,2000,95.085
SG:Singapore,2000,97.834167
PH:Philippines,2000,91.045833
CZ:Czech Republic,2000,65.416667
TR:Turkey,2000,81.251667
PL:Poland,2000,90.865833
DE:Germany,2000,99.834167
PT:Portugal,2000,93.706667
TW:Chinese Taipei,2000,133.2925
HK:Hong Kong SAR,2000,141.214166
CL:Chile,2000,103.199167
KR:Korea,2000,108.365
CO:Colombia,2000,77.110833
CN:China,2000,93.215833
GR:Greece,2000,85.373333
CY:Cyprus,2000,89.566667
PE:Peru,2000,95.3
XM:Euro area,2000,87.814167
TH:Thailand,2000,87.969167
US:United States,2000,119.6225
IE:Ireland,2000,81.886666
ID:Indonesia,2000,69.215833
EE:Estonia,2000,80.276667
IN:India,2000,92.081667
AE:United Arab Emirates,2000,90.6625
IL:Israel,2000,113.259167
HR:Croatia,2000,87.895834
LV:Latvia,2000,96.895
LU:Luxembourg,2000,94.008333
LT:Lithuania,2000,87.363333
DK:Denmark,2000,93.041666
HU:Hungary,2000,71.8375
DZ:Algeria,2000,119.476667
NL:Netherlands,2000,92.103333
RO:Romania,2000,81.345
NO:Norway,2000,90.656667
JP:Japan,2000,125.874167
BG:Bulgaria,2000,69.025
BE:Belgium,2000,92.706667
FI:Finland,2000,99.456667
RU:Russia,2000,54.203333
IS:Iceland,2000,137.470833
MT:Malta,2000,90.775834
ZA:South Africa,2000,91.793334
ES:Spain,2000,88.1775
MY:Malaysia,2000,97.916666
IT:Italy,2000,94.030833
MX:Mexico,2000,116.553333
AR:Argentina,2000,263.4875
AU:Australia,2000,69.709167
AT:Austria,2000,98.825834
SK:Slovak Republic,2001,59.095833
CA:Canada,2001,74.410834
GB:United Kingdom,2001,127.900833
CH:Switzerland,2001,94.948334
SA:Saudi Arabia,2001,119.3825
FR:France,2001,97.103333
NZ:New Zealand,2001,75.983333
SE:Sweden,2001,102.1
BR:Brazil,2001,59.638333
SI:Slovenia,2001,95.028333
SG:Singapore,2001,98.428333
PH:Philippines,2001,86.308333
CZ:Czech Republic,2001,69.964167
TR:Turkey,2001,65.925834
PL:Poland,2001,102.858333
DE:Germany,2001,99.7725
PT:Portugal,2001,95.94
TW:Chinese Taipei,2001,127.746667
HK:Hong Kong SAR,2001,143.089166
CL:Chile,2001,93.3825
KR:Korea,2001,101.9325
CO:Colombia,2001,76.276667
CN:China,2001,97.470834
GR:Greece,2001,86.075833
CY:Cyprus,2001,90.763333
PE:Peru,2001,99.009166
XM:Euro area,2001,89.016667
TH:Thailand,2001,83.889167
US:United States,2001,126.394167
IE:Ireland,2001,84.8775
ID:Indonesia,2001,65.845834
EE:Estonia,2001,82.723334
IN:India,2001,94.021667
AE:United Arab Emirates,2001,96.171667
IL:Israel,2001,112.5675
HR:Croatia,2001,91.130834
LV:Latvia,2001,94.506667
LU:Luxembourg,2001,94.4425
LT:Lithuania,2001,87.575833
DK:Denmark,2001,94.355
HU:Hungary,2001,78.044167
DZ:Algeria,2001,123.795
NL:Netherlands,2001,94.7575
RO:Romania,2001,82.48
NO:Norway,2001,93.844167
JP:Japan,2001,112.331667
BG:Bulgaria,2001,73.053334
BE:Belgium,2001,93.3775
FI:Finland,2001,100.5325
RU:Russia,2001,64.535
IS:Iceland,2001,120.06
MT:Malta,2001,92.505
ZA:South Africa,2001,80.939167
ES:Spain,2001,89.923334
MY:Malaysia,2001,103.215833
IT:Italy,2001,95.03
MX:Mexico,2001,124.920833
AR:Argentina,2001,276.380833
AU:Australia,2001,67.041667
AT:Austria,2001,99.084167
SK:Slovak Republic,2002,60.464167
CA:Canada,2002,73.729167
GB:United Kingdom,2002,128.45
CH:Switzerland,2002,98.465
SA:Saudi Arabia,2002,115.696667
FR:France,2002,98.6575
NZ:New Zealand,2002,83.335833
SE:Sweden,2002,105.009166
BR:Brazil,2002,55.3225
SI:Slovenia,2002,96.9275
SG:Singapore,2002,95.755
PH:Philippines,2002,86.501667
CZ:Czech Republic,2002,78.223334
TR:Turkey,2002,72.214167
PL:Poland,2002,98.498333
DE:Germany,2002,100.829167
PT:Portugal,2002,98.1125
TW:Chinese Taipei,2002,122.991667
HK:Hong Kong SAR,2002,136.2525
CL:Chile,2002,90.4775
KR:Korea,2002,107.2825
CO:Colombia,2002,74.824166
CN:China,2002,94.965833
GR:Greece,2002,88.430833
CY:Cyprus,2002,93.308333
PE:Peru,2002,100.263334
XM:Euro area,2002,92.601667
TH:Thailand,2002,86.255
US:United States,2002,126.279166
IE:Ireland,2002,89.58
ID:Indonesia,2002,79.705
EE:Estonia,2002,84.846667
IN:India,2002,90.7475
AE:United Arab Emirates,2002,95.560834
IL:Israel,2002,101.835833
HR:Croatia,2002,92.09
LV:Latvia,2002,91.1825
LU:Luxembourg,2002,95.273334
LT:Lithuania,2002,89.79
DK:Denmark,2002,96.1975
HU:Hungary,2002,86.269167
DZ:Algeria,2002,114.585834
NL:Netherlands,2002,98.105
RO:Romania,2002,83.099167
NO:Norway,2002,101.553333
JP:Japan,2002,105.064167
BG:Bulgaria,2002,76.0125
BE:Belgium,2002,94.5525
FI:Finland,2002,101.84
RU:Russia,2002,66.196667
IS:Iceland,2002,127.046667
MT:Malta,2002,93.785833
ZA:South Africa,2002,69.418334
ES:Spain,2002,92.148333
MY:Malaysia,2002,103.514167
IT:Italy,2002,97.15
MX:Mexico,2002,125.315
AR:Argentina,2002,125.313333
AU:Australia,2002,70.749167
AT:Austria,2002,99.5775
SK:Slovak Republic,2003,68.475
CA:Canada,2003,81.439167
GB:United Kingdom,2003,122.989167
CH:Switzerland,2003,98.991667
SA:Saudi Arabia,2003,104.7
FR:France,2003,103.670833
NZ:New Zealand,2003,94.999167
SE:Sweden,2003,111.515834
BR:Brazil,2003,53.731667
SI:Slovenia,2003,99.173333
SG:Singapore,2003,92.1025
PH:Philippines,2003,78.6625
CZ:Czech Republic,2003,77.553334
TR:Turkey,2003,78.811667
PL:Poland,2003,88.350833
DE:Germany,2003,105.9
PT:Portugal,2003,101.603333
TW:Chinese Taipei,2003,114.67
HK:Hong Kong SAR,2003,123.544167
CL:Chile,2003,85.123333
KR:Korea,2003,108.0975
CO:Colombia,2003,64.8975
CN:China,2003,88.215
GR:Greece,2003,93.573334
CY:Cyprus,2003,99.038334
PE:Peru,2003,97.225833
XM:Euro area,2003,103.525
TH:Thailand,2003,84.411667
US:United States,2003,118.4425
IE:Ireland,2003,98.6
ID:Indonesia,2003,85.478333
EE:Estonia,2003,87.7225
IN:India,2003,90.595834
AE:United Arab Emirates,2003,88.333334
IL:Israel,2003,96.125833
HR:Croatia,2003,92.761667
LV:Latvia,2003,86.204167
LU:Luxembourg,2003,97.649167
LT:Lithuania,2003,91.049167
DK:Denmark,2003,101.095
HU:Hungary,2003,89.0725
DZ:Algeria,2003,104.461667
NL:Netherlands,2003,104.3075
RO:Romania,2003,81.035
NO:Norway,2003,100.68
JP:Japan,2003,105.455
BG:Bulgaria,2003,78.99
BE:Belgium,2003,98.500834
FI:Finland,2003,106.299167
RU:Russia,2003,67.313334
IS:Iceland,2003,133.281667
MT:Malta,2003,96.124167
ZA:South Africa,2003,91.2275
ES:Spain,2003,96.609166
MY:Malaysia,2003,97.634167
IT:Italy,2003,102.710833
MX:Mexico,2003,111.261667
AR:Argentina,2003,126.0225
AU:Australia,2003,79.459167
AT:Austria,2003,102.42
SK:Slovak Republic,2004,75.2525
CA:Canada,2004,85.5625
GB:United Kingdom,2004,127.605
CH:Switzerland,2004,98.094167
SA:Saudi Arabia,2004,97.031667
FR:France,2004,105.41
NZ:New Zealand,2004,101.796667
SE:Sweden,2004,111.844167
BR:Brazil,2004,56.095833
SI:Slovenia,2004,98.830833
SG:Singapore,2004,91.15
PH:Philippines,2004,75.014167
CZ:Czech Republic,2004,78.891667
TR:Turkey,2004,81.325
PL:Poland,2004,88.0075
DE:Germany,2004,107.445833
PT:Portugal,2004,102.4525
TW:Chinese Taipei,2004,112.753333
HK:Hong Kong SAR,2004,115.431666
CL:Chile,2004,90.621667
KR:Korea,2004,109.494166
CO:Colombia,2004,70.839167
CN:China,2004,85.510833
GR:Greece,2004,95.540833
CY:Cyprus,2004,101.109167
PE:Peru,2004,95.7375
XM:Euro area,2004,107.2475
TH:Thailand,2004,84.063334
US:United States,2004,113.1225
IE:Ireland,2004,101.3925
ID:Indonesia,2004,81.596667
EE:Estonia,2004,89.668333
IN:India,2004,91.521667
AE:United Arab Emirates,2004,85.533333
IL:Israel,2004,89.805833
HR:Croatia,2004,94.404167
LV:Latvia,2004,86.906667
LU:Luxembourg,2004,98.539167
LT:Lithuania,2004,90.8575
DK:Denmark,2004,101.78
HU:Hungary,2004,95.221667
DZ:Algeria,2004,105.210833
NL:Netherlands,2004,105.634167
RO:Romania,2004,83.023333
NO:Norway,2004,96.248333
JP:Japan,2004,106.3325
BG:Bulgaria,2004,82.651667
BE:Belgium,2004,100.089167
FI:Finland,2004,106.1875
RU:Russia,2004,72.455833
IS:Iceland,2004,136.538333
MT:Malta,2004,98.986667
ZA:South Africa,2004,99.375833
ES:Spain,2004,98.650833
MY:Malaysia,2004,93.19
IT:Italy,2004,104.416667
MX:Mexico,2004,106.295833
AR:Argentina,2004,121.200833
AU:Australia,2004,85.649167
AT:Austria,2004,103.418333
SK:Slovak Republic,2005,76.8625
CA:Canada,2005,90.705
GB:United Kingdom,2005,124.826667
CH:Switzerland,2005,95.794167
SA:Saudi Arabia,2005,94.068334
FR:France,2005,104.004167
NZ:New Zealand,2005,107.200833
SE:Sweden,2005,106.7925
BR:Brazil,2005,69.075
SI:Slovenia,2005,97.939167
SG:Singapore,2005,89.711667
PH:Philippines,2005,78.9875
CZ:Czech Republic,2005,83.181667
TR:Turkey,2005,89.429167
PL:Poland,2005,97.565
DE:Germany,2005,105.106667
PT:Portugal,2005,101.661667
TW:Chinese Taipei,2005,115.960833
HK:Hong Kong SAR,2005,112.6875
CL:Chile,2005,95.811666
KR:Korea,2005,122.273334
CO:Colombia,2005,79.361667
CN:China,2005,84.619167
GR:Greece,2005,95.626667
CY:Cyprus,2005,100.851667
PE:Peru,2005,94.238333
XM:Euro area,2005,104.665
TH:Thailand,2005,85.166667
US:United States,2005,111.171667
IE:Ireland,2005,101.169167
ID:Indonesia,2005,80.091667
EE:Estonia,2005,90.765
IN:India,2005,94.465834
AE:United Arab Emirates,2005,87.454167
IL:Israel,2005,87.316667
HR:Croatia,2005,95.501667
LV:Latvia,2005,85.301667
LU:Luxembourg,2005,98.373333
LT:Lithuania,2005,89.379167
DK:Denmark,2005,100.343334
HU:Hungary,2005,96.5025
DZ:Algeria,2005,100.655833
NL:Netherlands,2005,104.0475
RO:Romania,2005,97.599167
NO:Norway,2005,99.304167
JP:Japan,2005,99.650834
BG:Bulgaria,2005,82.9475
BE:Belgium,2005,100.146667
FI:Finland,2005,103.434167
RU:Russia,2005,80.124167
IS:Iceland,2005,153.908333
MT:Malta,2005,98.180833
ZA:South Africa,2005,100.479167
ES:Spain,2005,99.0375
MY:Malaysia,2005,93.119167
IT:Italy,2005,102.759167
MX:Mexico,2005,110.209167
AR:Argentina,2005,119.539167
AU:Australia,2005,88.009167
AT:Austria,2005,102.635833
SK:Slovak Republic,2006,81.033333
CA:Canada,2006,95.7175
GB:United Kingdom,2006,125.135833
CH:Switzerland,2006,92.926667
SA:Saudi Arabia,2006,93.04
FR:France,2006,103.250833
NZ:New Zealand,2006,99.39
SE:Sweden,2006,105.835833
BR:Brazil,2006,77.274167
SI:Slovenia,2006,97.91
SG:Singapore,2006,91.075833
PH:Philippines,2006,87.075833
CZ:Czech Republic,2006,87.550833
TR:Turkey,2006,88.644167
PL:Poland,2006,99.196667
DE:Germany,2006,104.115
PT:Portugal,2006,102.185
TW:Chinese Taipei,2006,112.046667
HK:Hong Kong SAR,2006,111.166666
CL:Chile,2006,99.813333
KR:Korea,2006,130.820834
CO:Colombia,2006,78.099167
CN:China,2006,85.755
GR:Greece,2006,96.173333
CY:Cyprus,2006,100.66
PE:Peru,2006,92.36
XM:Euro area,2006,103.895
TH:Thailand,2006,92.3225
US:United States,2006,110.211667
IE:Ireland,2006,102.861667
ID:Indonesia,2006,92.863333
EE:Estonia,2006,92.180833
IN:India,2006,93.636667
AE:United Arab Emirates,2006,92.5225
IL:Israel,2006,86.828334
HR:Croatia,2006,97.2225
LV:Latvia,2006,88.065834
LU:Luxembourg,2006,98.9475
LT:Lithuania,2006,89.735
DK:Denmark,2006,99.7375
HU:Hungary,2006,91.650834
DZ:Algeria,2006,100.580833
NL:Netherlands,2006,102.6775
RO:Romania,2006,104.384167
NO:Norway,2006,98.846667
JP:Japan,2006,90.123333
BG:Bulgaria,2006,86.599167
BE:Belgium,2006,99.664167
FI:Finland,2006,102.111667
RU:Russia,2006,88.6075
IS:Iceland,2006,143.550834
MT:Malta,2006,98.360834
ZA:South Africa,2006,96.399167
ES:Spain,2006,100.29
MY:Malaysia,2006,96.1375
IT:Italy,2006,102.296667
MX:Mexico,2006,110.191667
AR:Argentina,2006,116.740833
AU:Australia,2006,87.501667
AT:Austria,2006,101.789167
SK:Slovak Republic,2007,89.6075
CA:Canada,2007,98.7975
GB:United Kingdom,2007,127.034167
CH:Switzerland,2007,89.003334
SA:Saudi Arabia,2007,89.46
FR:France,2007,103.6475
NZ:New Zealand,2007,106.460834
SE:Sweden,2007,107.174167
BR:Brazil,2007,83.590833
SI:Slovenia,2007,99.099167
SG:Singapore,2007,91.536667
PH:Philippines,2007,94.4125
CZ:Czech Republic,2007,90.571666
TR:Turkey,2007,95.945833
PL:Poland,2007,102.8925
DE:Germany,2007,105.469167
PT:Portugal,2007,102.878333
TW:Chinese Taipei,2007,106.0225
HK:Hong Kong SAR,2007,105.124167
CL:Chile,2007,97.820833
KR:Korea,2007,129.125
CO:Colombia,2007,87.6575
CN:China,2007,88.8125
GR:Greece,2007,97.413333
CY:Cyprus,2007,100.4225
PE:Peru,2007,91.045
XM:Euro area,2007,106.155833
TH:Thailand,2007,104.491667
US:United States,2007,105.0275
IE:Ireland,2007,108.059167
ID:Indonesia,2007,92.4475
EE:Estonia,2007,95.8275
IN:India,2007,99.831667
AE:United Arab Emirates,2007,94.326667
IL:Israel,2007,87.6425
HR:Croatia,2007,97.974167
LV:Latvia,2007,93.54
LU:Luxembourg,2007,99.8125
LT:Lithuania,2007,92.150833
DK:Denmark,2007,100.325833
HU:Hungary,2007,102.474167
DZ:Algeria,2007,99.02
NL:Netherlands,2007,103.458334
RO:Romania,2007,112.9
NO:Norway,2007,98.876667
JP:Japan,2007,82.414167
BG:Bulgaria,2007,91.518333
BE:Belgium,2007,100.261667
FI:Finland,2007,103.375833
RU:Russia,2007,93.584167
IS:Iceland,2007,149.686667
MT:Malta,2007,99.2075
ZA:South Africa,2007,90.8925
ES:Spain,2007,101.704166
MY:Malaysia,2007,97.9425
IT:Italy,2007,102.7675
MX:Mexico,2007,108.508333
AR:Argentina,2007,113.7075
AU:Australia,2007,92.638334
AT:Austria,2007,102.221667
SK:Slovak Republic,2008,97.575834
CA:Canada,2008,96.153333
GB:United Kingdom,2008,110.238333
CH:Switzerland,2008,92.481667
SA:Saudi Arabia,2008,91.1425
FR:France,2008,104.026667
NZ:New Zealand,2008,98.7725
SE:Sweden,2008,104.648333
BR:Brazil,2008,87.849167
SI:Slovenia,2008,101.081667
SG:Singapore,2008,96.374167
PH:Philippines,2008,97.74
CZ:Czech Republic,2008,104.051667
TR:Turkey,2008,97.0275
PL:Poland,2008,112.676667
DE:Germany,2008,105.21
PT:Portugal,2008,102.826667
TW:Chinese Taipei,2008,104.24
HK:Hong Kong SAR,2008,100.575833
CL:Chile,2008,98.750833
KR:Korea,2008,104.418334
CO:Colombia,2008,92.383333
CN:China,2008,96.4325
GR:Greece,2008,99.2675
CY:Cyprus,2008,103.190833
PE:Peru,2008,94.819167
XM:Euro area,2008,108.003333
TH:Thailand,2008,98.336667
US:United States,2008,100.3825
IE:Ireland,2008,112.605
ID:Indonesia,2008,88.939167
EE:Estonia,2008,101.519167
IN:India,2008,94.941667
AE:United Arab Emirates,2008,98.8625
IL:Israel,2008,97.609167
HR:Croatia,2008,102.064167
LV:Latvia,2008,102.299167
LU:Luxembourg,2008,100.62
LT:Lithuania,2008,97.548333
DK:Denmark,2008,101.65
HU:Hungary,2008,105.520833
DZ:Algeria,2008,101.994167
NL:Netherlands,2008,103.666667
RO:Romania,2008,106.723334
NO:Norway,2008,98.663333
JP:Japan,2008,88.548334
BG:Bulgaria,2008,99.548333
BE:Belgium,2008,102.796667
FI:Finland,2008,104.966667
RU:Russia,2008,99.963334
IS:Iceland,2008,116.910833
MT:Malta,2008,103.943333
ZA:South Africa,2008,79.7925
ES:Spain,2008,103.38
MY:Malaysia,2008,97.909167
IT:Italy,2008,103.440833
MX:Mexico,2008,105.775833
AR:Argentina,2008,110.608333
AU:Australia,2008,90.3275
AT:Austria,2008,102.2275
SK:Slovak Republic,2009,104.624167
CA:Canada,2009,91.615834
GB:United Kingdom,2009,99.515
CH:Switzerland,2009,96.206667
SA:Saudi Arabia,2009,99.051667
FR:France,2009,103.855833
NZ:New Zealand,2009,92.089167
SE:Sweden,2009,94.448334
BR:Brazil,2009,87.940834
SI:Slovenia,2009,102.4275
SG:Singapore,2009,96.735833
PH:Philippines,2009,96.541667
CZ:Czech Republic,2009,99.7075
TR:Turkey,2009,90.7975
PL:Poland,2009,95.050833
DE:Germany,2009,105.581667
PT:Portugal,2009,102.185
TW:Chinese Taipei,2009,99.4675
HK:Hong Kong SAR,2009,104.135
CL:Chile,2009,94.645
KR:Korea,2009,92.421667
CO:Colombia,2009,90.964167
CN:China,2009,100.823333
GR:Greece,2009,100.691667
CY:Cyprus,2009,104.215834
PE:Peru,2009,97.920833
XM:Euro area,2009,108.969167
TH:Thailand,2009,94.76
US:United States,2009,104.6975
IE:Ireland,2009,107.324167
ID:Indonesia,2009,88.555833
EE:Estonia,2009,102.926667
IN:India,2009,89.591667
AE:United Arab Emirates,2009,104.7325
IL:Israel,2009,95.515833
HR:Croatia,2009,103.118333
LV:Latvia,2009,107.261667
LU:Luxembourg,2009,101.035833
LT:Lithuania,2009,104.4025
DK:Denmark,2009,104.453333
HU:Hungary,2009,99.310834
DZ:Algeria,2009,100.020833
NL:Netherlands,2009,104.669167
RO:Romania,2009,98.886667
NO:Norway,2009,96.17
JP:Japan,2009,99.468333
BG:Bulgaria,2009,103.619167
BE:Belgium,2009,102.7825
FI:Finland,2009,105.958334
RU:Russia,2009,91.508333
IS:Iceland,2009,94.9925
MT:Malta,2009,106.834167
ZA:South Africa,2009,86.834167
ES:Spain,2009,103.094167
MY:Malaysia,2009,94.980834
IT:Italy,2009,104.300833
MX:Mexico,2009,93.005
AR:Argentina,2009,103.565
AU:Australia,2009,87.545833
AT:Austria,2009,102.683334
SK:Slovak Republic,2010,100.0
CA:Canada,2010,99.999167
GB:United Kingdom,2010,100.0
CH:Switzerland,2010,100.000833
SA:Saudi Arabia,2010,100.0
FR:France,2010,99.998333
NZ:New Zealand,2010,99.999167
SE:Sweden,2010,100.000833
BR:Brazil,2010,100.000833
SI:Slovenia,2010,100.000834
SG:Singapore,2010,100.000833
PH:Philippines,2010,100.0
CZ:Czech Republic,2010,100.0
TR:Turkey,2010,100.001667
PL:Poland,2010,100.0
DE:Germany,2010,100.0
PT:Portugal,2010,99.999167
TW:Chinese Taipei,2010,100.0
HK:Hong Kong SAR,2010,100.0
CL:Chile,2010,100.0
KR:Korea,2010,99.999167
CO:Colombia,2010,99.999167
CN:China,2010,100.0
GR:Greece,2010,100.000834
CY:Cyprus,2010,100.000833
PE:Peru,2010,99.999167
XM:Euro area,2010,100.0
TH:Thailand,2010,100.000833
US:United States,2010,100.0
IE:Ireland,2010,100.000833
ID:Indonesia,2010,100.0
EE:Estonia,2010,100.0
IN:India,2010,100.0
AE:United Arab Emirates,2010,100.0
IL:Israel,2010,100.000833
HR:Croatia,2010,100.001667
LV:Latvia,2010,100.0
LU:Luxembourg,2010,100.0
LT:Lithuania,2010,100.0
DK:Denmark,2010,99.999167
HU:Hungary,2010,100.0
DZ:Algeria,2010,100.0
NL:Netherlands,2010,99.999167
RO:Romania,2010,100.0
NO:Norway,2010,100.000834
JP:Japan,2010,99.998334
BG:Bulgaria,2010,99.999167
BE:Belgium,2010,99.998333
FI:Finland,2010,100.0
RU:Russia,2010,99.999167
IS:Iceland,2010,100.0
MT:Malta,2010,100.001667
ZA:South Africa,2010,100.000833
ES:Spain,2010,99.999167
MY:Malaysia,2010,100.0
IT:Italy,2010,100.000833
MX:Mexico,2010,100.0
AR:Argentina,2010,100.0
AU:Australia,2010,100.000834
AT:Austria,2010,99.999167
SK:Slovak Republic,2011,100.893333
CA:Canada,2011,101.581667
GB:United Kingdom,2011,100.474167
CH:Switzerland,2011,109.510833
SA:Saudi Arabia,2011,97.585833
FR:France,2011,99.22
NZ:New Zealand,2011,103.8625
SE:Sweden,2011,105.768334
BR:Brazil,2011,104.705834
SI:Slovenia,2011,99.159167
SG:Singapore,2011,105.369167
PH:Philippines,2011,100.4175
CZ:Czech Republic,2011,101.676667
TR:Turkey,2011,88.428333
PL:Poland,2011,98.180833
DE:Germany,2011,98.9725
PT:Portugal,2011,100.845833
TW:Chinese Taipei,2011,100.08
HK:Hong Kong SAR,2011,95.914167
CL:Chile,2011,100.87
KR:Korea,2011,99.943333
CO:Colombia,2011,99.203333
CN:China,2011,102.580833
GR:Greece,2011,100.585833
CY:Cyprus,2011,100.616667
PE:Peru,2011,98.478333
XM:Euro area,2011,99.3525
TH:Thailand,2011,99.11
US:United States,2011,95.055834
IE:Ireland,2011,100.164167
ID:Indonesia,2011,99.974167
EE:Estonia,2011,101.241667
IN:India,2011,100.06
AE:United Arab Emirates,2011,93.4975
IL:Israel,2011,100.771667
HR:Croatia,2011,97.331667
LV:Latvia,2011,101.16
LU:Luxembourg,2011,100.863333
LT:Lithuania,2011,100.761667
DK:Denmark,2011,99.245833
HU:Hungary,2011,99.620834
DZ:Algeria,2011,99.166667
NL:Netherlands,2011,99.380833
RO:Romania,2011,102.5125
NO:Norway,2011,100.335833
JP:Japan,2011,101.289167
BG:Bulgaria,2011,101.723333
BE:Belgium,2011,101.009166
FI:Finland,2011,99.84
RU:Russia,2011,103.745
IS:Iceland,2011,100.911667
MT:Malta,2011,100.019167
ZA:South Africa,2011,98.113334
ES:Spain,2011,100.530833
MY:Malaysia,2011,99.814167
IT:Italy,2011,99.963334
MX:Mexico,2011,99.463334
AR:Argentina,2011,95.298333
AU:Australia,2011,106.879167
AT:Austria,2011,100.340833
SK:Slovak Republic,2012,100.373333
CA:Canada,2012,100.875
GB:United Kingdom,2012,104.511667
CH:Switzerland,2012,105.1225
SA:Saudi Arabia,2012,100.584167
FR:France,2012,96.196666
NZ:New Zealand,2012,106.540833
SE:Sweden,2012,105.165
BR:Brazil,2012,94.704167
SI:Slovenia,2012,97.885
SG:Singapore,2012,110.383333
PH:Philippines,2012,105.546667
CZ:Czech Republic,2012,98.099167
TR:Turkey,2012,91.6675
PL:Poland,2012,95.258333
DE:Germany,2012,95.560833
PT:Portugal,2012,100.0325
TW:Chinese Taipei,2012,100.065
HK:Hong Kong SAR,2012,99.4625
CL:Chile,2012,102.938333
KR:Korea,2012,99.491667
CO:Colombia,2012,105.135
CN:China,2012,108.715
GR:Greece,2012,97.52
CY:Cyprus,2012,98.598333
PE:Peru,2012,106.368333
XM:Euro area,2012,94.48
TH:Thailand,2012,99.523333
US:United States,2012,97.288333
IE:Ireland,2012,95.695833
ID:Indonesia,2012,96.255
EE:Estonia,2012,100.269167
IN:India,2012,93.754167
AE:United Arab Emirates,2012,95.015833
IL:Israel,2012,95.906667
HR:Croatia,2012,95.2575
LV:Latvia,2012,100.593334
LU:Luxembourg,2012,99.751667
LT:Lithuania,2012,99.620834
DK:Denmark,2012,96.524167
HU:Hungary,2012,96.7725
DZ:Algeria,2012,103.926667
NL:Netherlands,2012,96.644167
RO:Romania,2012,96.345
NO:Norway,2012,99.636667
JP:Japan,2012,100.0025
BG:Bulgaria,2012,100.186667
BE:Belgium,2012,99.0775
FI:Finland,2012,97.421666
RU:Russia,2012,104.903333
IS:Iceland,2012,101.136667
MT:Malta,2012,96.399167
ZA:South Africa,2012,92.198334
ES:Spain,2012,98.345
MY:Malaysia,2012,99.569167
IT:Italy,2012,98.141667
MX:Mexico,2012,96.465
AR:Argentina,2012,98.443333
AU:Australia,2012,108.460833
AT:Austria,2012,98.874167
SK:Slovak Republic,2013,101.439167
CA:Canada,2013,97.1925
GB:United Kingdom,2013,103.091666
CH:Switzerland,2013,103.466667
SA:Saudi Arabia,2013,102.951667
FR:France,2013,97.22
NZ:New Zealand,2013,109.495
SE:Sweden,2013,106.350833
BR:Brazil,2013,90.221667
SI:Slovenia,2013,99.020833
SG:Singapore,2013,112.4975
PH:Philippines,2013,109.051667
CZ:Czech Republic,2013,96.199167
TR:Turkey,2013,90.46
PL:Poland,2013,96.089167
DE:Germany,2013,97.694167
PT:Portugal,2013,99.775
TW:Chinese Taipei,2013,100.7525
HK:Hong Kong SAR,2013,103.141667
CL:Chile,2013,101.421667
KR:Korea,2013,103.940834
CO:Colombia,2013,101.188334
CN:China,2013,115.724167
GR:Greece,2013,96.1775
CY:Cyprus,2013,98.224167
PE:Peru,2013,105.379167
XM:Euro area,2013,97.736667
TH:Thailand,2013,104.984167
US:United States,2013,97.584167
IE:Ireland,2013,97.201667
ID:Indonesia,2013,93.083333
EE:Estonia,2013,103.063334
IN:India,2013,89.3675
AE:United Arab Emirates,2013,95.279167
IL:Israel,2013,102.168333
HR:Croatia,2013,96.339167
LV:Latvia,2013,99.285834
LU:Luxembourg,2013,101.13
LT:Lithuania,2013,100.22
DK:Denmark,2013,97.345833
HU:Hungary,2013,95.895833
DZ:Algeria,2013,101.541667
NL:Netherlands,2013,99.666667
RO:Romania,2013,100.949167
NO:Norway,2013,97.958333
JP:Japan,2013,79.6775
BG:Bulgaria,2013,100.794166
BE:Belgium,2013,100.506667
FI:Finland,2013,99.121667
RU:Russia,2013,106.7075
IS:Iceland,2013,104.545833
MT:Malta,2013,98.521667
ZA:South Africa,2013,82.011667
ES:Spain,2013,99.858333
MY:Malaysia,2013,99.683334
IT:Italy,2013,99.608334
MX:Mexico,2013,101.998333
AR:Argentina,2013,90.385834
AU:Australia,2013,102.920833
AT:Austria,2013,100.698333
SK:Slovak Republic,2014,101.406667
CA:Canada,2014,91.445
GB:United Kingdom,2014,110.244167
CH:Switzerland,2014,104.473333
SA:Saudi Arabia,2014,104.783334
FR:France,2014,97.305834
NZ:New Zealand,2014,113.1225
SE:Sweden,2014,100.909167
BR:Brazil,2014,89.308333
SI:Slovenia,2014,98.995833
SG:Singapore,2014,112.359167
PH:Philippines,2014,108.5375
CZ:Czech Republic,2014,90.830834
TR:Turkey,2014,85.335833
PL:Poland,2014,96.535
DE:Germany,2014,98.5325
PT:Portugal,2014,99.089167
TW:Chinese Taipei,2014,99.925833
HK:Hong Kong SAR,2014,107.359167
CL:Chile,2014,92.2925
KR:Korea,2014,109.913333
CO:Colombia,2014,97.499167
CN:China,2014,118.450833
GR:Greece,2014,94.55
CY:Cyprus,2014,96.670834
PE:Peru,2014,104.054167
XM:Euro area,2014,98.2725
TH:Thailand,2014,101.8925
US:United States,2014,99.838334
IE:Ireland,2014,96.248334
ID:Indonesia,2014,87.111666
EE:Estonia,2014,103.843333
IN:India,2014,90.738334
AE:United Arab Emirates,2014,97.108333
IL:Israel,2014,103.291667
HR:Croatia,2014,95.601667
LV:Latvia,2014,100.288334
LU:Luxembourg,2014,101.2025
LT:Lithuania,2014,100.963333
DK:Denmark,2014,98.216667
HU:Hungary,2014,91.970834
DZ:Algeria,2014,102.675833
NL:Netherlands,2014,100.344167
RO:Romania,2014,101.685833
NO:Norway,2014,93.323333
JP:Japan,2014,75.091667
BG:Bulgaria,2014,99.726667
BE:Belgium,2014,100.3525
FI:Finland,2014,100.814167
RU:Russia,2014,96.1675
IS:Iceland,2014,111.683334
MT:Malta,2014,97.881667
ZA:South Africa,2014,77.096667
ES:Spain,2014,99.355833
MY:Malaysia,2014,99.283334
IT:Italy,2014,99.6
MX:Mexico,2014,101.195
AR:Argentina,2014,74.451667
AU:Australia,2014,98.151667
AT:Austria,2014,102.040833
SK:Slovak Republic,2015,97.826667
CA:Canada,2015,83.1125
GB:United Kingdom,2015,115.123333
CH:Switzerland,2015,110.485834
SA:Saudi Arabia,2015,114.118333
FR:France,2015,92.496667
NZ:New Zealand,2015,104.245833
SE:Sweden,2015,93.784167
BR:Brazil,2015,74.6225
SI:Slovenia,2015,95.7375
SG:Singapore,2015,110.160833
PH:Philippines,2015,114.504167
CZ:Czech Republic,2015,88.506667
TR:Turkey,2015,83.4525
PL:Poland,2015,91.669167
DE:Germany,2015,93.4225
PT:Portugal,2015,97.2125
TW:Chinese Taipei,2015,101.390834
HK:Hong Kong SAR,2015,117.461666
CL:Chile,2015,90.440833
KR:Korea,2015,110.195
CO:Colombia,2015,81.08
CN:China,2015,129.490833
GR:Greece,2015,89.281667
CY:Cyprus,2015,91.185833
PE:Peru,2015,104.024167
XM:Euro area,2015,89.650833
TH:Thailand,2015,103.341667
US:United States,2015,110.7
IE:Ireland,2015,88.625834
ID:Indonesia,2015,88.519167
EE:Estonia,2015,101.230833
IN:India,2015,97.525834
AE:United Arab Emirates,2015,108.908333
IL:Israel,2015,102.731666
HR:Croatia,2015,92.706667
LV:Latvia,2015,99.644167
LU:Luxembourg,2015,98.688333
LT:Lithuania,2015,98.925
DK:Denmark,2015,94.443333
HU:Hungary,2015,88.0325
DZ:Algeria,2015,96.8425
NL:Netherlands,2015,96.000833
RO:Romania,2015,97.775
NO:Norway,2015,84.624167
JP:Japan,2015,70.029167
BG:Bulgaria,2015,96.3125
BE:Belgium,2015,95.989167
FI:Finland,2015,97.065834
RU:Russia,2015,77.211667
IS:Iceland,2015,114.8425
MT:Malta,2015,92.828334
ZA:South Africa,2015,75.248333
ES:Spain,2015,94.608334
MY:Malaysia,2015,91.173334
IT:Italy,2015,94.755834
MX:Mexico,2015,90.9175
AR:Argentina,2015,86.2225
AU:Australia,2015,89.200834
AT:Austria,2015,99.106667
SK:Slovak Republic,2016,97.94
CA:Canada,2016,81.6075
GB:United Kingdom,2016,103.245
CH:Switzerland,2016,108.339167
SA:Saudi Arabia,2016,117.315
FR:France,2016,93.273333
NZ:New Zealand,2016,105.0625
SE:Sweden,2016,94.455833
BR:Brazil,2016,79.2675
SI:Slovenia,2016,96.131667
SG:Singapore,2016,109.615
PH:Philippines,2016,110.695833
CZ:Czech Republic,2016,90.879167
TR:Turkey,2016,81.956667
PL:Poland,2016,87.991667
DE:Germany,2016,94.785833
PT:Portugal,2016,98.306667
TW:Chinese Taipei,2016,101.585
HK:Hong Kong SAR,2016,121.130833
CL:Chile,2016,92.165833
KR:Korea,2016,109.025833
CO:Colombia,2016,79.331667
CN:China,2016,124.648333
GR:Greece,2016,89.339167
CY:Cyprus,2016,90.744167
PE:Peru,2016,103.340834
XM:Euro area,2016,91.588333
TH:Thailand,2016,100.108333
US:United States,2016,115.283333
IE:Ireland,2016,89.715
ID:Indonesia,2016,92.504167
EE:Estonia,2016,102.1075
IN:India,2016,98.726667
AE:United Arab Emirates,2016,111.49
IL:Israel,2016,104.261667
HR:Croatia,2016,93.171667
LV:Latvia,2016,100.511667
LU:Luxembourg,2016,98.795
LT:Lithuania,2016,100.83
DK:Denmark,2016,95.745
HU:Hungary,2016,88.630833
DZ:Algeria,2016,95.375833
NL:Netherlands,2016,96.895834
RO:Romania,2016,96.0875
NO:Norway,2016,85.174167
JP:Japan,2016,79.374167
BG:Bulgaria,2016,96.545834
BE:Belgium,2016,98.495833
FI:Finland,2016,98.031667
RU:Russia,2016,76.115834
IS:Iceland,2016,129.701667
MT:Malta,2016,94.313334
ZA:South Africa,2016,70.025833
ES:Spain,2016,95.160833
MY:Malaysia,2016,87.716667
IT:Italy,2016,95.310833
MX:Mexico,2016,79.3025
AR:Argentina,2016,71.238334
AU:Australia,2016,90.121667
AT:Austria,2016,100.3925
SK:Slovak Republic,2017,97.695
CA:Canada,2017,82.921667
GB:United Kingdom,2017,98.05
CH:Switzerland,2017,106.151667
SA:Saudi Arabia,2017,114.210833
FR:France,2017,93.61
NZ:New Zealand,2017,106.935833
SE:Sweden,2017,93.590833
BR:Brazil,2017,86.3525
SI:Slovenia,2017,96.238334
SG:Singapore,2017,108.245834
PH:Philippines,2017,105.55
CZ:Czech Republic,2017,94.701667
TR:Turkey,2017,73.0825
PL:Poland,2017,91.223333
DE:Germany,2017,95.555833
PT:Portugal,2017,98.499167
TW:Chinese Taipei,2017,107.136667
HK:Hong Kong SAR,2017,120.690833
CL:Chile,2017,95.730833
KR:Korea,2017,112.466667
CO:Colombia,2017,82.9775
CN:China,2017,120.990833
GR:Greece,2017,89.728334
CY:Cyprus,2017,90.315833
PE:Peru,2017,106.636667
XM:Euro area,2017,92.881667
TH:Thailand,2017,103.4225
US:United States,2017,114.908334
IE:Ireland,2017,90.005
ID:Indonesia,2017,94.0075
EE:Estonia,2017,103.714167
IN:India,2017,103.110834
AE:United Arab Emirates,2017,111.396667
IL:Israel,2017,109.093333
HR:Croatia,2017,93.885833
LV:Latvia,2017,100.815
LU:Luxembourg,2017,99.368334
LT:Lithuania,2017,102.108333
DK:Denmark,2017,96.209167
HU:Hungary,2017,90.414167
DZ:Algeria,2017,97.354167
NL:Netherlands,2017,97.506667
RO:Romania,2017,94.81
NO:Norway,2017,86.055833
JP:Japan,2017,75.550833
BG:Bulgaria,2017,98.029167
BE:Belgium,2017,99.7875
FI:Finland,2017,97.498333
RU:Russia,2017,88.373333
IS:Iceland,2017,145.379167
MT:Malta,2017,95.166667
ZA:South Africa,2017,79.500833
ES:Spain,2017,96.375833
MY:Malaysia,2017,86.1525
IT:Italy,2017,95.7025
MX:Mexico,2017,81.338333
AR:Argentina,2017,75.5375
AU:Australia,2017,93.1175
AT:Austria,2017,101.4125
SK:Slovak Republic,2018,99.320833
CA:Canada,2018,82.3875
GB:United Kingdom,2018,99.79
CH:Switzerland,2018,103.145833
SA:Saudi Arabia,2018,113.115833
FR:France,2018,95.3025
NZ:New Zealand,2018,102.474167
SE:Sweden,2018,89.503334
BR:Brazil,2018,77.24
SI:Slovenia,2018,97.545833
SG:Singapore,2018,107.5675
PH:Philippines,2018,102.5875
CZ:Czech Republic,2018,98.958334
TR:Turkey,2018,62.32
PL:Poland,2018,92.613334
DE:Germany,2018,97.430833
PT:Portugal,2018,98.789167
TW:Chinese Taipei,2018,105.7825
HK:Hong Kong SAR,2018,118.981667
CL:Chile,2018,96.8425
KR:Korea,2018,113.3925
CO:Colombia,2018,83.519167
CN:China,2018,122.5575
GR:Greece,2018,90.360834
CY:Cyprus,2018,91.37
PE:Peru,2018,104.6825
XM:Euro area,2018,95.985833
TH:Thailand,2018,106.388334
US:United States,2018,113.711667
IE:Ireland,2018,90.704167
ID:Indonesia,2018,88.1175
EE:Estonia,2018,107.675833
IN:India,2018,98.57
AE:United Arab Emirates,2018,111.105833
IL:Israel,2018,106.675833
HR:Croatia,2018,95.449167
LV:Latvia,2018,103.033334
LU:Luxembourg,2018,100.080834
LT:Lithuania,2018,104.794167
DK:Denmark,2018,97.115834
HU:Hungary,2018,89.835
DZ:Algeria,2018,92.6925
NL:Netherlands,2018,99.085
RO:Romania,2018,97.320833
NO:Norway,2018,86.248333
JP:Japan,2018,74.805
BG:Bulgaria,2018,101.379167
BE:Belgium,2018,101.915
FI:Finland,2018,99.1175
RU:Russia,2018,81.116667
IS:Iceland,2018,140.845833
MT:Malta,2018,96.685
ZA:South Africa,2018,80.759167
ES:Spain,2018,97.9575
MY:Malaysia,2018,89.7125
IT:Italy,2018,96.995
MX:Mexico,2018,81.333333
AR:Argentina,2018,61.8475
AU:Australia,2018,89.139167
AT:Austria,2018,102.964167
SK:Slovak Republic,2019,99.906667
CA:Canada,2019,81.6675
GB:United Kingdom,2019,99.521667
CH:Switzerland,2019,104.296666
SA:Saudi Arabia,2019,112.450833
FR:France,2019,93.8975
NZ:New Zealand,2019,100.835833
SE:Sweden,2019,86.210833
BR:Brazil,2019,75.834167
SI:Slovenia,2019,97.205833
SG:Singapore,2019,107.8775
PH:Philippines,2019,107.580833
CZ:Czech Republic,2019,99.453334
TR:Turkey,2019,61.698333
PL:Poland,2019,91.659167
DE:Germany,2019,96.040833
PT:Portugal,2019,97.375
TW:Chinese Taipei,2019,104.695
HK:Hong Kong SAR,2019,123.3825
CL:Chile,2019,92.166667
KR:Korea,2019,108.4625
CO:Colombia,2019,78.600833
CN:China,2019,122.036667
GR:Greece,2019,88.679167
CY:Cyprus,2019,89.526667
PE:Peru,2019,107.065
XM:Euro area,2019,93.493333
TH:Thailand,2019,112.560833
US:United States,2019,117.05
IE:Ireland,2019,88.338333
ID:Indonesia,2019,92.116667
EE:Estonia,2019,107.6975
IN:India,2019,100.599167
AE:United Arab Emirates,2019,110.4825
IL:Israel,2019,109.8925
HR:Croatia,2019,94.340833
LV:Latvia,2019,103.631667
LU:Luxembourg,2019,99.6425
LT:Lithuania,2019,104.889167
DK:Denmark,2019,95.635833
HU:Hungary,2019,88.901667
DZ:Algeria,2019,94.925
NL:Netherlands,2019,99.06
RO:Romania,2019,97.0
NO:Norway,2019,84.145833
JP:Japan,2019,77.009167
BG:Bulgaria,2019,102.210833
BE:Belgium,2019,100.58
FI:Finland,2019,97.751667
RU:Russia,2019,84.07
IS:Iceland,2019,131.849167
MT:Malta,2019,95.53
ZA:South Africa,2019,78.176667
ES:Spain,2019,96.403333
MY:Malaysia,2019,88.594167
IT:Italy,2019,94.991667
MX:Mexico,2019,84.149167
AR:Argentina,2019,54.7925
AU:Australia,2019,85.125834
AT:Austria,2019,102.104166
SK:Slovak Republic,2020,102.185834
CA:Canada,2020,80.725
GB:United Kingdom,2020,99.625833
CH:Switzerland,2020,108.3525
SA:Saudi Arabia,2020,115.3025
FR:France,2020,94.696667
NZ:New Zealand,2020,100.025
SE:Sweden,2020,88.191667
BR:Brazil,2020,60.185
SI:Slovenia,2020,97.568334
SG:Singapore,2020,105.205833
PH:Philippines,2020,114.006667
CZ:Czech Republic,2020,100.0675
TR:Turkey,2020,55.6275
PL:Poland,2020,92.1425
DE:Germany,2020,97.051667
PT:Portugal,2020,97.724167
TW:Chinese Taipei,2020,108.275833
HK:Hong Kong SAR,2020,123.335
CL:Chile,2020,84.436667
KR:Korea,2020,106.438333
CO:Colombia,2020,72.365833
CN:China,2020,124.7325
GR:Greece,2020,88.1
CY:Cyprus,2020,89.235834
PE:Peru,2020,105.551667
XM:Euro area,2020,94.995833
TH:Thailand,2020,109.4975
US:United States,2020,118.730834
IE:Ireland,2020,88.444167
ID:Indonesia,2020,90.608334
EE:Estonia,2020,107.920833
IN:India,2020,101.194167
AE:United Arab Emirates,2020,106.903334
IL:Israel,2020,112.254167
HR:Croatia,2020,93.455834
LV:Latvia,2020,104.415
LU:Luxembourg,2020,100.435833
LT:Lithuania,2020,107.01
DK:Denmark,2020,96.775
HU:Hungary,2020,85.400833
DZ:Algeria,2020,90.558333
NL:Netherlands,2020,100.851667
RO:Romania,2020,98.4625
NO:Norway,2020,78.506667
JP:Japan,2020,77.75
BG:Bulgaria,2020,105.094167
BE:Belgium,2020,101.791667
FI:Finland,2020,98.6625
RU:Russia,2020,77.081667
IS:Iceland,2020,121.385833
MT:Malta,2020,96.8775
ZA:South Africa,2020,70.339167
ES:Spain,2020,96.588333
MY:Malaysia,2020,85.414167
IT:Italy,2020,95.4
MX:Mexico,2020,77.59
AR:Argentina,2020,55.444166
AU:Australia,2020,84.164167
AT:Austria,2020,103.7075
SK:Slovak Republic,2021,102.426667
CA:Canada,2021,84.595
GB:United Kingdom,2021,103.424167
CH:Switzerland,2021,105.471667
SA:Saudi Arabia,2021,113.108334
FR:France,2021,93.990833
NZ:New Zealand,2021,106.508333
SE:Sweden,2021,90.654167
BR:Brazil,2021,58.1875
SI:Slovenia,2021,97.103333
SG:Singapore,2021,105.105833
PH:Philippines,2021,114.755834
CZ:Czech Republic,2021,104.6
TR:Turkey,2021,49.985833
PL:Poland,2021,91.860834
DE:Germany,2021,97.851667
PT:Portugal,2021,96.4725
TW:Chinese Taipei,2021,110.748334
HK:Hong Kong SAR,2021,118.755834
CL:Chile,2021,87.07
KR:Korea,2021,106.575833
CO:Colombia,2021,69.679167
CN:China,2021,128.579167
GR:Greece,2021,87.279167
CY:Cyprus,2021,89.2875
PE:Peru,2021,93.2225
XM:Euro area,2021,95.2825
TH:Thailand,2021,103.496667
US:United States,2021,116.085833
IE:Ireland,2021,88.4325
ID:Indonesia,2021,89.358333
EE:Estonia,2021,109.7775
IN:India,2021,101.080833
AE:United Arab Emirates,2021,101.6125
IL:Israel,2021,115.095
HR:Croatia,2021,93.630834
LV:Latvia,2021,104.6875
LU:Luxembourg,2021,100.5575
LT:Lithuania,2021,108.918333
DK:Denmark,2021,95.969167
HU:Hungary,2021,85.781667
DZ:Algeria,2021,86.008334
NL:Netherlands,2021,101.041667
RO:Romania,2021,99.391667
NO:Norway,2021,83.326667
JP:Japan,2021,70.9825
BG:Bulgaria,2021,106.546667
BE:Belgium,2021,101.91
FI:Finland,2021,98.105833
RU:Russia,2021,75.8825
IS:Iceland,2021,126.365
MT:Malta,2021,96.068333
ZA:South Africa,2021,77.148333
ES:Spain,2021,97.376667
MY:Malaysia,2021,84.37
IT:Italy,2021,95.079167
MX:Mexico,2021,82.089167
AR:Argentina,2021,57.1375
AU:Australia,2021,89.351667
AT:Austria,2021,103.934167
